TimeCreated,EventID,Account,Ip,Message
2025-10-20 15:20:59,4625,script_kiddi3,192.0.2.10,An account failed to log on.
2025-10-20 14:45:59,4625,labuser,192.0.2.10,An account failed to log on.
2025-10-20 15:24:59,4625,testuser,192.0.2.10,An account failed to log on.
2025-10-20 16:29:59,4625,labuser,203.0.113.55,An account failed to log on.
2025-10-20 15:08:59,4625,testuser,192.0.2.10,An account failed to log on.
2025-10-20 14:49:59,4625,script_kiddi3,127.0.0.1,An account failed to log on.
2025-10-20 15:45:59,4625,labuser,192.0.2.10,An account failed to log on.
2025-10-20 15:26:59,4625,admin,198.51.100.5,An account failed to log on.
2025-10-20 15:54:59,4625,labuser,203.0.113.55,An account failed to log on.
2025-10-20 14:55:59,4625,testuser,198.51.100.5,An account failed to log on.
2025-10-20 14:53:59,4625,script_kiddi3,192.0.2.10,An account failed to log on.
2025-10-20 15:06:59,4625,labuser,127.0.0.1,An account failed to log on.
2025-10-20 15:41:59,4625,admin,198.51.100.5,An account failed to log on.
2025-10-20 15:22:59,4625,labuser,127.0.0.1,An account failed to log on.
2025-10-20 15:45:59,4625,admin,198.51.100.5,An account failed to log on.
2025-10-20 16:31:59,4625,script_kiddi3,198.51.100.5,An account failed to log on.
2025-10-20 16:33:59,4625,labuser,192.0.2.10,An account failed to log on.
2025-10-20 15:17:59,4625,admin,203.0.113.55,An account failed to log on.
2025-10-20 15:32:59,4625,testuser,203.0.113.55,An account failed to log on.
2025-10-20 15:33:59,4625,script_kiddi3,192.0.2.10,An account failed to log on.
2025-10-20 15:50:59,4625,testuser,192.0.2.10,An account failed to log on.
2025-10-20 15:11:59,4625,labuser,198.51.100.5,An account failed to log on.
2025-10-20 16:36:59,4625,admin,198.51.100.5,An account failed to log on.
2025-10-20 14:44:59,4625,script_kiddi3,192.0.2.10,An account failed to log on.
2025-10-20 15:50:59,4625,testuser,203.0.113.55,An account failed to log on.
2025-10-20 16:24:59,4625,script_kiddi3,203.0.113.55,An account failed to log on.
2025-10-20 16:24:59,4625,labuser,192.0.2.10,An account failed to log on.
2025-10-20 15:11:59,4625,labuser,198.51.100.5,An account failed to log on.
2025-10-20 14:42:59,4625,testuser,127.0.0.1,An account failed to log on.
2025-10-20 15:21:59,4625,testuser,198.51.100.5,An account failed to log on.
